shapeID,name,sol,pop,area_km2,parent,sol_0,growth,abs_change,growth_2dates,period_growth,trend_growth,trend_lo,trend_hi,trend_p,trend_n,z_robust,eligible,z_signal,flag
55941954B50535260459809,Bobonong,969.55,125660,14000.5,Central District,486.048,0.0935121,483.502,0.079745,0.0935121,0.0835176,0.0664489,0.104199,2.97619e-05,10,-0.102931,True,-0.102931,within normal range · dans la plage normale
55941954B28903282369970,Machaneng,314.106,50270.9,5337.35,Central District,97.7667,0.168496,216.339,0.138467,0.168496,0.135691,0.115079,0.163473,5.51146e-06,10,1.59465,True,1.59465,within normal range · dans la plage normale
55941954B98371115502172,Gaborone,5972.25,283361,1332.08,South-East District,3576.93,0.0463104,2395.31,0.0586108,0.0463104,0.0477788,0.0343581,0.0623569,0.00011519,10,-1.17153,True,-1.17153,within normal range · dans la plage normale
55941954B49792364057910,Lethlakane,1012.94,76945.1,28756.3,Central District,558.927,0.0540953,454.016,0.0682975,0.0540953,0.0574094,0.0441645,0.0714547,5.51146e-06,10,-0.99529,True,-0.99529,within normal range · dans la plage normale
55941954B87089695796057,Mahalapye,479.783,77375.2,11420.7,Central District,213.411,0.102829,266.372,0.0941881,0.102829,0.0851012,0.058301,0.124204,0.000946318,10,0.108,True,0.108,within normal range · dans la plage normale
55941954B44678367556360,Palapye,918.55,82535.8,7556.43,Central District,474.835,0.0949958,443.715,0.0760688,0.0949958,0.0830778,0.0683437,0.0958082,5.51146e-07,10,-0.0693414,True,-0.0693414,within normal range · dans la plage normale
55941954B89738474745599,South East,404.661,142295,690.111,South-East District,305.782,0.0491297,98.8793,0.0316205,0.0491297,0.0304908,0.0135633,0.0521014,0.00221285,10,-1.10771,True,-1.10771,within normal range · dans la plage normale
55941954B86221332842775,Serowe,811.075,126557,30785.9,Central District,374.836,0.0840033,436.239,0.0895485,0.0840033,0.078546,0.0556023,0.104959,5.51146e-07,10,-0.3182,True,-0.3182,within normal range · dans la plage normale
55941954B82526344478572,Barolong,204.385,62078.3,1103.71,Southern District,53.9593,0.167117,150.425,0.159484,0.167117,0.110536,0.0395519,0.185379,0.00221285,10,1.56341,True,1.56341,within normal range · dans la plage normale
55941954B92705944270684,Tuli,87.0432,360.035,4662.82,Central District,49.0099,0.0806905,38.0334,0.0659009,0.0806905,0.048262,0.0280526,0.0935001,0.00011519,10,-0.3932,True,-0.3932,within normal range · dans la plage normale
55941954B61152089533455,Tutume,723.936,177282,43945.8,Central District,260.755,0.145372,463.181,0.120145,0.145372,0.123151,0.109376,0.134945,5.51146e-06,10,1.07113,True,1.07113,within normal range · dans la plage normale
55941954B82416766201839,Ghanzi,505.832,55945.4,114213,Ghanzi District,125.989,0.181442,379.843,0.167011,0.181442,0.124459,0.0458695,0.215421,2.97619e-05,10,1.88773,True,1.88773,within normal range · dans la plage normale
55941954B31216508800768,Gemsbok,1.19968,82.4829,25992.7,Kgalagadi District,0,,1.19968,,,0.675782,-0.0500657,1.91205,0.108681,8,,False,,low initial base · base initiale trop faible
55941954B76527564067138,Hukunsti,155.473,25421.9,45924.3,Kgalagadi District,40.5812,0.177591,114.892,0.160953,0.177591,0.184188,0.125249,0.235358,5.51146e-06,10,1.80055,True,1.80055,within normal range · dans la plage normale
55941954B45615354641166,Tshabong,262.905,33852.3,33057,Kgalagadi District,156.267,0.0265933,106.639,0.0595067,0.0265933,0.0393099,0.00615389,0.0677989,0.0166661,10,-1.61791,True,-1.61791,within normal range · dans la plage normale
55941954B56458887922680,Kgatleng,1223.2,113155,7805.46,Kgatleng District,464.362,0.0982085,758.834,0.113622,0.0982085,0.104341,0.0851904,0.128912,5.51146e-07,10,0.0033923,True,0.0033923,within normal range · dans la plage normale
55941954B20262478145890,Ngwaketse Central,121.758,22603.3,4884.28,Southern District,30.7745,0.179105,90.983,0.165111,0.179105,0.116618,0.086654,0.179105,5.51146e-07,10,1.83481,False,,low initial base · base initiale trop faible
55941954B84762067272179,Kweneng North,871.562,330140,9781.42,Kweneng District,249.546,0.116183,622.016,0.149079,0.116183,0.127494,0.100337,0.168197,5.51146e-07,10,0.410318,True,0.410318,within normal range · dans la plage normale
55941954B78250687153975,Ngamiland West,289.57,69734.1,58751.4,North-West District,92.1075,0.131439,197.462,0.135725,0.131439,0.10621,0.0710861,0.138609,5.51146e-07,10,0.755691,True,0.755691,within normal range · dans la plage normale
55941954B98579419812372,Kweneng South,1214.53,59167.8,27080.7,Kweneng District,427.367,0.119114,787.164,0.123055,0.119114,0.120381,0.0777791,0.147357,5.51146e-07,10,0.476682,True,0.476682,within normal range · dans la plage normale
55941954B39393851070434,Masungu,2177.97,187624,5338.86,North-East District,1163.61,0.0761725,1014.37,0.0721353,0.0761725,0.0746239,0.0335237,0.0981413,0.000357694,10,-0.495483,True,-0.495483,within normal range · dans la plage normale
55941954B34591946516146,Chobe,326.153,28705.6,20913,Chobe District,134.874,0.0979088,191.279,0.103089,0.0979088,0.0979088,0.0664219,0.111442,5.51146e-06,10,-0.0033923,True,-0.0033923,within normal range · dans la plage normale
55941954B40687665076650,Ngamiland East,1060.48,112487,52524.1,North-West District,514.222,0.0868532,546.263,0.0837477,0.0868532,0.0937291,0.074426,0.104575,5.51146e-06,10,-0.253682,True,-0.253682,within normal range · dans la plage normale
55941954B26927140411587,Ngwaketse North,1295.23,114350,14619.9,Southern District,723.162,0.0718522,572.065,0.0668992,0.0718522,0.0663079,0.052999,0.0794882,5.51146e-07,10,-0.593291,True,-0.593291,within normal range · dans la plage normale
55941954B49613130605683,Ngwaketse South,154.288,46723.9,6705.14,Southern District,22.8707,0.216087,131.417,0.23628,0.216087,0.170123,0.0866314,0.25172,5.51146e-06,10,2.67206,False,,low initial base · base initiale trop faible
