coverage,date,name,sol,month,year,expected,resid,z
1,2021-01-01,Central District,156483,1,2021,178919,-0.125398,-0.734726
0.935219,2021-02-01,Central District,189882,2,2021,217822,-0.12827,-0.74855
1,2021-03-01,Central District,188925,3,2021,212947,-0.11281,-0.67413
1,2021-04-01,Central District,215007,4,2021,211703,0.0156042,-0.055976
1,2021-05-01,Central District,137684,5,2021,156462,-0.120015,-0.708816
1,2021-06-01,Central District,123619,6,2021,145552,-0.150692,-0.856487
1,2021-07-01,Central District,113950,7,2021,107968,0.0554107,0.135643
1,2021-08-01,Central District,213628,8,2021,163411,0.307308,1.34822
1,2021-09-01,Central District,135390,9,2021,254766,-0.468572,-2.38668
1,2021-10-01,Central District,193393,10,2021,249065,-0.223523,-1.20708
1,2021-11-01,Central District,211986,11,2021,243399,-0.12906,-0.752354
0.986559,2021-12-01,Central District,193050,12,2021,185219,0.0422808,0.0724389
0.982062,2022-01-01,Central District,180591,1,2022,170883,0.0568086,0.142373
1,2022-02-01,Central District,223784,2,2022,206521,0.0835876,0.27128
1,2022-03-01,Central District,206082,3,2022,207228,-0.00553049,-0.157713
1,2022-04-01,Central District,194001,4,2022,218706,-0.11296,-0.674852
1,2022-05-01,Central District,159358,5,2022,149238,0.0678104,0.195332
1,2022-06-01,Central District,141955,6,2022,139440,0.0180363,-0.0442683
0.970996,2022-07-01,Central District,32683.3,7,2022,135056,-0.758002,-3.77993
1,2022-08-01,Central District,116532,8,2022,195776,-0.404768,-2.07955
1,2022-09-01,Central District,234820,9,2022,221623,0.0595472,0.155555
1,2022-10-01,Central District,192849,10,2022,249246,-0.226273,-1.22032
1,2022-11-01,Central District,206752,11,2022,245143,-0.156608,-0.884964
1,2022-12-01,Central District,164056,12,2022,194883,-0.15818,-0.892534
0.999998,2023-01-01,Central District,167970,1,2023,175090,-0.0406679,-0.326856
1,2023-02-01,Central District,223399,2,2023,206649,0.0810527,0.259078
1,2023-03-01,Central District,212544,3,2023,205074,0.0364287,0.0442683
1,2023-04-01,Central District,198646,4,2023,217157,-0.0852445,-0.541437
1,2023-05-01,Central District,180207,5,2023,142288,0.26649,1.15173
1,2023-06-01,Central District,153981,6,2023,135432,0.136966,0.528231
1,2023-07-01,Central District,131080,7,2023,102258,0.281861,1.22572
1,2023-08-01,Central District,165406,8,2023,179485,-0.0784363,-0.508664
1,2023-09-01,Central District,356747,9,2023,180980,0.971194,4.54401
1,2023-10-01,Central District,291379,10,2023,216403,0.346463,1.5367
1,2023-11-01,Central District,273252,11,2023,222977,0.225474,0.954286
0.990492,2023-12-01,Central District,199135,12,2023,183190,0.0870373,0.287886
0.998558,2024-01-01,Central District,188197,1,2024,168348,0.117905,0.436474
1,2024-02-01,Central District,206283,2,2024,212355,-0.0285947,-0.268739
1,2024-03-01,Central District,220215,3,2024,202517,0.0873902,0.289585
1,2024-04-01,Central District,242464,4,2024,202551,0.197051,0.817466
1,2024-05-01,Central District,129822,5,2024,159083,-0.183932,-1.0165
1,2024-06-04,Central District,140721,6,2024,139852,0.00621457,-0.101175
1,2024-07-01,Central District,160139,7,2024,92571.2,0.729905,3.3825
1,2024-08-01,Central District,208294,8,2024,165189,0.260942,1.12502
1,2024-09-01,Central District,172731,9,2024,242319,-0.287174,-1.51348
1,2024-10-01,Central District,262967,10,2024,225874,0.164224,0.659443
1,2024-11-01,Central District,250192,11,2024,230663,0.0846648,0.276466
1,2024-12-01,Central District,192465,12,2024,185414,0.0380292,0.0519729
0.887244,2021-01-01,Chobe District,20427.2,1,2021,25336.9,-0.193777,-0.843139
1,2021-03-01,Chobe District,25212.5,3,2021,28938.5,-0.128757,-0.498784
1,2021-04-01,Chobe District,27991.6,4,2021,27372.1,0.0226305,0.302992
1,2021-05-01,Chobe District,15698.4,5,2021,19687.7,-0.20263,-0.890027
1,2021-06-01,Chobe District,15918.1,6,2021,19881.2,-0.199336,-0.872582
1,2021-07-01,Chobe District,14215.9,7,2021,18043.6,-0.212134,-0.940362
1,2021-08-01,Chobe District,24227.3,8,2021,25997.9,-0.0681057,-0.177563
1,2021-09-01,Chobe District,17553.8,9,2021,52443.9,-0.665285,-3.34033
1,2021-10-01,Chobe District,40154.5,10,2021,34102.7,0.17746,1.12299
1,2021-11-01,Chobe District,30276.9,11,2021,33716.8,-0.102026,-0.35721
0.995688,2021-12-01,Chobe District,26176.4,12,2021,25519.5,0.0257446,0.319485
0.921822,2022-01-01,Chobe District,26012.7,1,2022,23475,0.108101,0.755658
1,2022-02-01,Chobe District,33225,2,2022,30788.7,0.0791307,0.602226
1,2022-03-01,Chobe District,28232.9,3,2022,27931.7,0.0107813,0.240236
1,2022-04-01,Chobe District,24035.1,4,2022,28691,-0.162278,-0.676317
1,2022-05-01,Chobe District,19956.8,5,2022,18268.2,0.0924306,0.672665
1,2022-06-01,Chobe District,16526.3,6,2022,19678.4,-0.160181,-0.665209
1,2022-08-01,Chobe District,31798.3,8,2022,23474.3,0.354601,2.06116
1,2022-09-01,Chobe District,34173.5,9,2022,46904,-0.271416,-1.25433
1,2022-10-01,Chobe District,34608.3,10,2022,35951.4,-0.0373585,-0.0147203
1,2022-11-01,Chobe District,29984.6,11,2022,33814.2,-0.113254,-0.416676
1,2022-12-01,Chobe District,22641,12,2022,26697.9,-0.151957,-0.621655
0.936171,2023-01-01,Chobe District,22909.4,1,2023,24509.5,-0.0652829,-0.162613
0.999088,2023-02-01,Chobe District,31115.3,2,2023,31843.6,-0.0228727,0.0619989
1,2023-03-01,Chobe District,27261.1,3,2023,28255.6,-0.0351971,-0.00327329
1,2023-04-01,Chobe District,25278.1,4,2023,28276.6,-0.106041,-0.378473
1,2023-05-01,Chobe District,21214.5,5,2023,17849,0.188551,1.18174
1,2023-06-01,Chobe District,27278.9,6,2023,16094.3,0.694947,3.8637
1,2023-07-01,Chobe District,16449.3,7,2023,16926.9,-0.0282173,0.0336931
1,2023-08-01,Chobe District,18771.2,8,2023,27816.6,-0.325182,-1.53909
1,2023-09-01,Chobe District,101321,9,2023,24521.4,3.13195,16.7705
1,2023-10-01,Chobe District,32999,10,2023,36487.9,-0.0956172,-0.323268
1,2023-11-01,Chobe District,38362.1,11,2023,31021.8,0.23662,1.43632
0.848529,2023-12-01,Chobe District,25543.3,12,2023,25730.5,-0.00727791,0.144592
0.966795,2024-01-01,Chobe District,27088.5,1,2024,23116.4,0.171829,1.09317
1,2024-02-01,Chobe District,30462.2,2,2024,32170.2,-0.0530921,-0.0980482
1,2024-03-01,Chobe District,31321.6,3,2024,26902.2,0.164278,1.05318
1,2024-04-01,Chobe District,32803.2,4,2024,25768.3,0.273008,1.62904
1,2024-05-01,Chobe District,17891.9,5,2024,18956.5,-0.0561643,-0.114319
1,2024-06-04,Chobe District,15838.3,6,2024,19907.8,-0.204418,-0.899494
1,2024-07-01,Chobe District,19637.9,7,2024,15332.6,0.280793,1.67027
1,2024-08-01,Chobe District,27424.3,8,2024,24932.3,0.0999546,0.712513
1,2024-09-01,Chobe District,21837,9,2024,51016.2,-0.571961,-2.84606
1,2024-10-01,Chobe District,34700.7,10,2024,35920.6,-0.033961,0.00327329
0.993724,2024-11-01,Chobe District,32803.8,11,2024,32874.5,-0.00215311,0.171733
1,2024-12-01,Chobe District,28374.1,12,2024,24786.9,0.144722,0.949612
0.999319,2021-01-01,Ghanzi District,124232,1,2021,138230,-0.101262,-0.182594
0.996866,2021-02-01,Ghanzi District,121478,2,2021,161392,-0.247316,-0.72443
1,2021-03-01,Ghanzi District,130754,3,2021,154679,-0.154673,-0.380741
1,2021-04-01,Ghanzi District,159630,4,2021,147791,0.0801029,0.49024
1,2021-05-01,Ghanzi District,88334.3,5,2021,110474,-0.200404,-0.550394
1,2021-06-01,Ghanzi District,82207.3,6,2021,96274.1,-0.146112,-0.34898
1,2021-07-01,Ghanzi District,75767.1,7,2021,68718,0.102581,0.573628
1,2021-08-01,Ghanzi District,133920,8,2021,219978,-0.391213,-1.25826
1,2021-09-01,Ghanzi District,108583,9,2021,302637,-0.641209,-2.18571
1,2021-10-01,Ghanzi District,220996,10,2021,238351,-0.0728098,-0.0770409
0.999994,2021-11-01,Ghanzi District,151418,11,2021,209918,-0.278681,-0.84079
1,2021-12-01,Ghanzi District,117375,12,2021,133639,-0.121696,-0.258399
0.997696,2022-01-01,Ghanzi District,134864,1,2022,134686,0.00132186,0.197975
0.999966,2022-02-01,Ghanzi District,169016,2,2022,145546,0.16125,0.79128
1,2022-03-01,Ghanzi District,158013,3,2022,145593,0.0853063,0.509544
1,2022-04-01,Ghanzi District,144389,4,2022,152872,-0.0554867,-0.0127752
1,2022-05-01,Ghanzi District,110811,5,2022,102981,0.0760328,0.47514
1,2022-06-01,Ghanzi District,100627,6,2022,90134.1,0.116416,0.624956
0.990865,2022-07-01,Ghanzi District,6985.67,7,2022,91645.1,-0.923775,-3.23398
1,2022-08-01,Ghanzi District,100914,8,2022,230980,-0.563107,-1.89596
1,2022-09-01,Ghanzi District,232585,9,2022,261303,-0.109903,-0.214651
1,2022-10-01,Ghanzi District,156865,10,2022,259728,-0.396043,-1.27618
1,2022-11-01,Ghanzi District,128460,11,2022,217571,-0.409573,-1.32638
1,2022-12-01,Ghanzi District,117965,12,2022,133442,-0.115984,-0.237209
1,2023-01-01,Ghanzi District,118467,1,2023,140151,-0.154721,-0.380919
1,2023-02-01,Ghanzi District,166101,2,2023,146518,0.133653,0.688901
1,2023-03-01,Ghanzi District,140143,3,2023,151549,-0.0752659,-0.0861526
1,2023-04-01,Ghanzi District,137388,4,2023,155206,-0.114803,-0.232828
1,2023-05-01,Ghanzi District,140006,5,2023,93249.8,0.50141,2.05322
1,2023-06-01,Ghanzi District,89334.8,6,2023,93898.2,-0.0485996,0.0127752
1,2023-07-01,Ghanzi District,82063.6,7,2023,66619.1,0.231833,1.05313
1,2023-08-01,Ghanzi District,399588,8,2023,131422,2.04048,7.76293
1,2023-09-01,Ghanzi District,558090,9,2023,152801,2.65239,10.033
1,2023-10-01,Ghanzi District,326502,10,2023,203182,0.606942,2.44473
1,2023-11-01,Ghanzi District,232571,11,2023,182867,0.271799,1.2014
0.994096,2023-12-01,Ghanzi District,105861,12,2023,137477,-0.229971,-0.660081
0.999968,2024-01-01,Ghanzi District,161358,1,2024,125854,0.282102,1.23962
1,2024-02-01,Ghanzi District,149061,2,2024,152198,-0.0206106,0.11661
1,2024-03-01,Ghanzi District,165881,3,2024,142970,0.160252,0.78758
1,2024-04-01,Ghanzi District,161597,4,2024,147136,0.0982893,0.557708
1,2024-05-01,Ghanzi District,80603.6,5,2024,113051,-0.287013,-0.871699
1,2024-06-04,Ghanzi District,98860.2,6,2024,90723.1,0.089692,0.525814
1,2024-07-01,Ghanzi District,117105,7,2024,54938.8,1.13155,4.39092
1,2024-08-01,Ghanzi District,159434,8,2024,211474,-0.246083,-0.719856
1,2024-09-01,Ghanzi District,117235,9,2024,299753,-0.608893,-2.06582
1,2024-10-01,Ghanzi District,231686,10,2024,234788,-0.0132127,0.144055
1,2024-11-01,Ghanzi District,268724,11,2024,170816,0.57318,2.31947
1,2024-12-01,Ghanzi District,177090,12,2024,113734,0.557055,2.25965
1,2021-01-01,Kgalagadi District,107786,1,2021,131749,-0.181882,-0.742645
1,2021-02-01,Kgalagadi District,91065.4,2,2021,149452,-0.390672,-1.56254
1,2021-03-01,Kgalagadi District,117767,3,2021,148137,-0.205013,-0.833479
1,2021-04-01,Kgalagadi District,152486,4,2021,147827,0.0315174,0.0953442
1,2021-05-01,Kgalagadi District,93692.1,5,2021,133825,-0.29989,-1.20605
1,2021-06-01,Kgalagadi District,88021.7,6,2021,123586,-0.287771,-1.15846
1,2021-07-01,Kgalagadi District,79446.3,7,2021,73235.6,0.0848039,0.304593
1,2021-08-01,Kgalagadi District,146553,8,2021,151565,-0.0330681,-0.158274
1,2021-09-01,Kgalagadi District,310167,9,2021,186894,0.65959,2.5617
1,2021-10-01,Kgalagadi District,194032,10,2021,187120,0.0369369,0.116626
1,2021-11-01,Kgalagadi District,144796,11,2021,171338,-0.154911,-0.636735
1,2021-12-01,Kgalagadi District,108908,12,2021,134303,-0.189089,-0.770945
1,2022-01-01,Kgalagadi District,131910,1,2022,123707,0.066306,0.231954
1,2022-02-01,Kgalagadi District,157152,2,2022,127423,0.233307,0.887743
1,2022-03-01,Kgalagadi District,151977,3,2022,136733,0.111486,0.409371
1,2022-04-01,Kgalagadi District,140998,4,2022,151656,-0.0702761,-0.304385
1,2022-05-01,Kgalagadi District,110513,5,2022,128218,-0.138084,-0.570657
1,2022-06-01,Kgalagadi District,99033.4,6,2022,119916,-0.174141,-0.712247
1,2022-07-01,Kgalagadi District,7035.74,7,2022,97372.5,-0.927744,-3.67154
1,2022-08-01,Kgalagadi District,73490.5,8,2022,175919,-0.582248,-2.31483
1,2022-09-01,Kgalagadi District,162921,9,2022,235976,-0.309584,-1.24411
1,2022-10-01,Kgalagadi District,160008,10,2022,198461,-0.193757,-0.789277
1,2022-11-01,Kgalagadi District,117896,11,2022,180305,-0.346129,-1.38762
1,2022-12-01,Kgalagadi District,129213,12,2022,127535,0.0131518,0.023225
1,2023-01-01,Kgalagadi District,125883,1,2023,125716,0.00132301,-0.023225
1,2023-02-01,Kgalagadi District,156783,2,2023,127546,0.229229,0.871732
1,2023-03-01,Kgalagadi District,135704,3,2023,142158,-0.0454024,-0.206709
1,2023-04-01,Kgalagadi District,139793,4,2023,152058,-0.0806555,-0.345143
1,2023-05-01,Kgalagadi District,200184,5,2023,98327.7,1.03588,4.03935
1,2023-06-01,Kgalagadi District,167896,6,2023,96961.3,0.731581,2.8444
1,2023-07-01,Kgalagadi District,93393.1,7,2023,68586.7,0.361679,1.39184
1,2023-08-01,Kgalagadi District,224785,8,2023,125488,0.791292,3.07887
1,2023-09-01,Kgalagadi District,276421,9,2023,198143,0.395058,1.52292
1,2023-10-01,Kgalagadi District,205939,10,2023,183151,0.124422,0.460166
1,2023-11-01,Kgalagadi District,233797,11,2023,141671,0.650277,2.52513
1,2023-12-01,Kgalagadi District,131707,12,2023,126704,0.0394864,0.126638
1,2024-01-01,Kgalagadi District,137453,1,2024,121860,0.127965,0.474082
1,2024-02-01,Kgalagadi District,134421,2,2024,135000,-0.0042907,-0.0452693
1,2024-03-01,Kgalagadi District,156730,3,2024,135149,0.159678,0.598615
1,2024-04-01,Kgalagadi District,162689,4,2024,144426,0.126452,0.46814
1,2024-05-01,Kgalagadi District,90777.9,5,2024,134796,-0.326555,-1.31076
1,2024-06-04,Kgalagadi District,103829,6,2024,118317,-0.122454,-0.509279
1,2024-07-01,Kgalagadi District,119278,7,2024,59958.4,0.989348,3.85661
1,2024-08-01,Kgalagadi District,156419,8,2024,148276,0.0549184,0.187237
1,2024-09-01,Kgalagadi District,121339,9,2024,249836,-0.514324,-2.0481
1,2024-10-01,Kgalagadi District,195413,10,2024,186659,0.0468965,0.155736
1,2024-11-01,Kgalagadi District,162322,11,2024,165496,-0.0191818,-0.103745
1,2024-12-01,Kgalagadi District,141991,12,2024,123276,0.151813,0.567727
1,2021-01-01,Kgatleng District,9834.55,1,2021,12834.3,-0.233728,-1.18872
1,2021-02-01,Kgatleng District,10714.2,2,2021,13776.5,-0.222283,-1.13227
1,2021-03-01,Kgatleng District,12426.7,3,2021,15165.8,-0.180611,-0.926722
1,2021-04-01,Kgatleng District,14640.7,4,2021,14719.3,-0.00533642,-0.0621791
1,2021-05-01,Kgatleng District,11253.4,5,2021,12830,-0.122884,-0.641984
1,2021-06-01,Kgatleng District,9774.16,6,2021,12238.7,-0.20137,-1.02912
1,2021-07-01,Kgatleng District,9594.7,7,2021,10302.7,-0.0687172,-0.374806
1,2021-08-01,Kgatleng District,13683,8,2021,15445.8,-0.114128,-0.598795
1,2021-09-01,Kgatleng District,9861.25,9,2021,20989.4,-0.530181,-2.65098
1,2021-10-01,Kgatleng District,13543.2,10,2021,19351.9,-0.30016,-1.5164
1,2021-11-01,Kgatleng District,13602.7,11,2021,15485.7,-0.121593,-0.635616
1,2021-12-01,Kgatleng District,11706.7,12,2021,12714.9,-0.0792904,-0.426958
1,2022-01-01,Kgatleng District,11638.6,1,2022,12232.9,-0.0485877,-0.275516
1,2022-02-01,Kgatleng District,13184.8,2,2022,12952.9,0.0178983,0.0524267
1,2022-03-01,Kgatleng District,15376.9,3,2022,14182.4,0.084226,0.379589
1,2022-04-01,Kgatleng District,13212,4,2022,15195.5,-0.130529,-0.679691
1,2022-05-01,Kgatleng District,12697.1,5,2022,12348.8,0.0282036,0.103258
1,2022-06-01,Kgatleng District,11651.9,6,2022,11612.7,0.00337209,-0.0192243
1,2022-07-01,Kgatleng District,5754.42,7,2022,11582.8,-0.503191,-2.51785
1,2022-08-01,Kgatleng District,9044.09,8,2022,16992.1,-0.467748,-2.34303
1,2022-09-01,Kgatleng District,33749.8,9,2022,13026.6,1.59084,7.811
1,2022-10-01,Kgatleng District,13664.3,10,2022,19311.5,-0.292427,-1.47826
1,2022-11-01,Kgatleng District,13103.3,11,2022,15652.2,-0.162842,-0.839075
1,2022-12-01,Kgatleng District,11302.9,12,2022,12849.5,-0.120359,-0.629527
1,2023-01-01,Kgatleng District,12529.1,1,2023,11936.1,0.049684,0.20921
1,2023-02-01,Kgatleng District,15025.1,2,2023,12339.5,0.217638,1.03765
1,2023-03-01,Kgatleng District,15157.3,3,2023,14255.5,0.0632602,0.276175
1,2023-04-01,Kgatleng District,13989.9,4,2023,14936.2,-0.0633578,-0.34837
1,2023-05-01,Kgatleng District,14153.1,5,2023,11863.5,0.193001,0.916125
1,2023-06-01,Kgatleng District,12175.3,6,2023,11438.3,0.0644364,0.281976
1,2023-07-01,Kgatleng District,11127.5,7,2023,9791.73,0.136419,0.637031
1,2023-08-01,Kgatleng District,21301.9,8,2023,12906.2,0.650519,3.17283
1,2023-09-01,Kgatleng District,15271.3,9,2023,19186.1,-0.204046,-1.04232
1,2023-10-01,Kgatleng District,25336.1,10,2023,15420.9,0.642973,3.13562
1,2023-11-01,Kgatleng District,16569.3,11,2023,14496.8,0.142959,0.66929
1,2023-12-01,Kgatleng District,12796.1,12,2023,12351.8,0.0359721,0.141576
1,2024-01-01,Kgatleng District,14335.1,1,2024,11334.1,0.264783,1.27019
1,2024-02-01,Kgatleng District,13119.6,2,2024,12974.7,0.011167,0.0192243
1,2024-03-01,Kgatleng District,14963.1,3,2024,14320.3,0.0448851,0.185539
1,2024-04-01,Kgatleng District,16955.9,4,2024,13947.5,0.215688,1.02803
1,2024-05-01,Kgatleng District,11639.9,5,2024,12701.2,-0.0835622,-0.448029
1,2024-06-04,Kgatleng District,12888.8,6,2024,11200.5,0.150735,0.707644
1,2024-07-01,Kgatleng District,14026.1,7,2024,8825.55,0.58926,2.87067
1,2024-08-01,Kgatleng District,15991.5,8,2024,14676.3,0.0896083,0.406137
1,2024-09-01,Kgatleng District,13947.2,9,2024,19627.5,-0.289402,-1.46333
1,2024-10-01,Kgatleng District,19055.2,10,2024,17514.5,0.0879635,0.398024
1,2024-11-01,Kgatleng District,16784.5,11,2024,14425.1,0.163556,0.770886
1,2024-12-01,Kgatleng District,14045.7,12,2024,11935.3,0.17682,0.836312
1,2021-01-01,Kweneng District,43645.8,1,2021,52549.2,-0.16943,-0.637597
1,2021-02-01,Kweneng District,45366.9,2,2021,58591.6,-0.225709,-0.870641
1,2021-03-01,Kweneng District,51771.6,3,2021,61132.7,-0.153127,-0.570089
1,2021-04-01,Kweneng District,62536.5,4,2021,58871.3,0.0622589,0.321792
1,2021-05-01,Kweneng District,41049.7,5,2021,47469.9,-0.135248,-0.496054
1,2021-06-01,Kweneng District,38217.1,6,2021,47094.9,-0.188509,-0.7166
1,2021-07-01,Kweneng District,34002.6,7,2021,41506,-0.180778,-0.684588
1,2021-08-01,Kweneng District,51423.3,8,2021,69010.3,-0.254846,-0.991293
1,2021-09-01,Kweneng District,38574.8,9,2021,69869.1,-0.4479,-1.7907
1,2021-10-01,Kweneng District,58740.4,10,2021,69717.5,-0.157451,-0.587995
1,2021-11-01,Kweneng District,58183.6,11,2021,64420.7,-0.0968179,-0.336921
1,2021-12-01,Kweneng District,46560.1,12,2021,47175.3,-0.0130413,0.00998482
1,2022-01-01,Kweneng District,49060,1,2022,50744.5,-0.0331951,-0.0734687
1,2022-02-01,Kweneng District,58542.6,2,2022,54199.7,0.080127,0.395781
1,2022-03-01,Kweneng District,58001.2,3,2022,59056.2,-0.0178639,-0.00998482
1,2022-04-01,Kweneng District,54903.7,4,2022,61415.6,-0.10603,-0.375067
1,2022-05-01,Kweneng District,47507.5,5,2022,45317.3,0.04833,0.264114
1,2022-06-01,Kweneng District,44997.5,6,2022,44834.7,0.00363201,0.0790266
0.999951,2022-07-01,Kweneng District,12385.2,7,2022,48711.8,-0.745745,-3.02403
1,2022-08-01,Kweneng District,41892.3,8,2022,72187.3,-0.419672,-1.67381
1,2022-09-01,Kweneng District,76350.8,9,2022,57277.1,0.333007,1.44292
1,2022-10-01,Kweneng District,54822.8,10,2022,71023.4,-0.228102,-0.880551
1,2022-11-01,Kweneng District,48053.3,11,2022,67797.5,-0.291222,-1.14192
1,2022-12-01,Kweneng District,46813.9,12,2022,47090.7,-0.00587846,0.0396452
1,2023-01-01,Kweneng District,47516.5,1,2023,51258.9,-0.0730104,-0.238338
1,2023-02-01,Kweneng District,63935.7,2,2023,52402,0.220101,0.97539
1,2023-03-01,Kweneng District,56662.9,3,2023,59502.3,-0.0477177,-0.133605
1,2023-04-01,Kweneng District,55648.3,4,2023,61167.4,-0.0902292,-0.309638
1,2023-05-01,Kweneng District,55774.5,5,2023,42561.6,0.310443,1.34949
1,2023-06-01,Kweneng District,51206.6,6,2023,42765,0.197395,0.881369
1,2023-07-01,Kweneng District,58777.4,7,2023,33247.8,0.76786,3.24358
1,2023-08-01,Kweneng District,99067,8,2023,53129.1,0.864646,3.64436
1,2023-09-01,Kweneng District,78913.1,9,2023,56423,0.398599,1.71452
1,2023-10-01,Kweneng District,74342.9,10,2023,64516.7,0.152305,0.69466
1,2023-11-01,Kweneng District,75507.2,11,2023,58646.2,0.287504,1.2545
1,2023-12-01,Kweneng District,45866,12,2023,47406.6,-0.0324978,-0.0705816
1,2024-01-01,Kweneng District,61071.1,1,2024,46740.8,0.306591,1.33354
1,2024-02-01,Kweneng District,53296.5,2,2024,55948.4,-0.0473991,-0.132286
1,2024-03-01,Kweneng District,68734,3,2024,55478.6,0.238927,1.05335
1,2024-04-01,Kweneng District,66061.9,4,2024,57696.2,0.144996,0.664394
1,2024-05-01,Kweneng District,39127.6,5,2024,48110.6,-0.186715,-0.70917
1,2024-06-04,Kweneng District,45080.4,6,2024,44807.1,0.00610096,0.0892501
1,2024-07-01,Kweneng District,53355.4,7,2024,35055.1,0.522046,2.2257
1,2024-08-01,Kweneng District,66071.7,8,2024,64127.5,0.0303173,0.189526
1,2024-09-01,Kweneng District,54343.4,9,2024,64612.9,-0.158938,-0.594153
1,2024-10-01,Kweneng District,79986.9,10,2024,62635.4,0.277024,1.2111
1,2024-11-01,Kweneng District,69701.6,11,2024,60581.4,0.150545,0.687371
1,2024-12-01,Kweneng District,48846,12,2024,46413.3,0.052413,0.281021
1,2021-01-01,North-East District,10679.1,1,2021,12340.8,-0.134653,-1.41597
1,2021-02-01,North-East District,12474.1,2,2021,13921.3,-0.103956,-1.11306
1,2021-03-01,North-East District,13236.5,3,2021,14377,-0.0793261,-0.870021
1,2021-04-01,North-East District,13780.5,4,2021,14630.2,-0.0580781,-0.660353
1,2021-05-01,North-East District,12152.7,5,2021,13161.5,-0.0766516,-0.84363
1,2021-06-01,North-East District,11970.5,6,2021,12897.3,-0.0718606,-0.796354
1,2021-07-01,North-East District,11693.9,7,2021,10977.2,0.0652833,0.556937
1,2021-08-01,North-East District,14260.5,8,2021,12950.4,0.10117,0.911051
1,2021-09-01,North-East District,11822.1,9,2021,13336.7,-0.113566,-1.20789
1,2021-10-01,North-East District,12982,10,2021,15405,-0.157281,-1.63926
1,2021-11-01,North-East District,18559.7,11,2021,16580.6,0.119361,1.09056
1,2021-12-01,North-East District,15988.4,12,2021,13219.3,0.209479,1.97981
1,2022-01-01,North-East District,11983.4,1,2022,11906,0.00649391,-0.0231773
1,2022-02-01,North-East District,13753.4,2,2022,13494.9,0.0191551,0.101759
1,2022-03-01,North-East District,13651.8,3,2022,14238.5,-0.0412052,-0.493857
1,2022-04-01,North-East District,13664,4,2022,14669,-0.0685105,-0.763297
1,2022-05-01,North-East District,12650.9,5,2022,12995.5,-0.0265139,-0.348888
1,2022-06-01,North-East District,12243.9,6,2022,12806.2,-0.0439011,-0.520459
0.999947,2022-07-01,North-East District,7121.48,7,2022,12501.3,-0.430343,-4.33374
1,2022-08-01,North-East District,11530.1,8,2022,13860.5,-0.168137,-1.74637
1,2022-09-01,North-East District,13335,9,2022,12832.4,0.0391652,0.299212
1,2022-10-01,North-East District,14212.8,10,2022,14994.7,-0.0521419,-0.601776
1,2022-11-01,North-East District,14818.4,11,2022,17827.8,-0.168804,-1.75296
1,2022-12-01,North-East District,11868.4,12,2022,14592.6,-0.186686,-1.92941
1,2023-01-01,North-East District,13094.6,1,2023,11535.6,0.135143,1.24629
1,2023-02-01,North-East District,13988.3,2,2023,13416.6,0.0426097,0.333202
1,2023-03-01,North-East District,14508.1,3,2023,13953.1,0.0397802,0.305281
1,2023-04-01,North-East District,14210.8,4,2023,14486.8,-0.0190464,-0.2752
1,2023-05-01,North-East District,13997.9,5,2023,12546.5,0.115684,1.05427
1,2023-06-01,North-East District,13067.4,6,2023,12531.7,0.04275,0.334586
1,2023-07-01,North-East District,12143.4,7,2023,10827.4,0.121544,1.1121
1,2023-08-01,North-East District,13305.5,8,2023,13268.7,0.00277329,-0.0598912
1,2023-09-01,North-East District,12976.4,9,2023,12951.9,0.00189672,-0.0685408
1,2023-10-01,North-East District,15672.9,10,2023,14508,0.0802927,0.705045
1,2023-11-01,North-East District,17563.3,11,2023,16912.8,0.0384622,0.292276
1,2023-12-01,North-East District,13761.4,12,2023,13961.6,-0.0143377,-0.228737
1,2024-01-01,North-East District,11944.5,1,2024,11919,0.00213508,-0.0661888
1,2024-02-01,North-East District,14022.3,2,2024,13405.2,0.0460288,0.36694
1,2024-03-01,North-East District,14970.9,3,2024,13798.8,0.084943,0.750933
1,2024-04-01,North-East District,16015.7,4,2024,13885.1,0.153445,1.42688
1,2024-05-01,North-East District,12835.8,5,2024,12933.8,-0.00757787,-0.162033
1,2024-06-04,North-East District,13380.6,6,2024,12427.3,0.0767089,0.669682
1,2024-07-01,North-East District,13666.8,7,2024,10319.6,0.324357,3.11339
1,2024-08-01,North-East District,14015.5,8,2024,13032,0.0754664,0.657421
1,2024-09-01,North-East District,13698.6,9,2024,12711.2,0.0776837,0.6793
1,2024-10-01,North-East District,16329.1,10,2024,14289.3,0.142756,1.32141
1,2024-11-01,North-East District,17360.3,11,2024,16980.5,0.0223671,0.133454
1,2024-12-01,North-East District,14028,12,2024,13872.7,0.0111915,0.0231773
0.841202,2021-01-01,North-West District,112894,1,2021,139141,-0.188636,-1.09138
1,2021-03-01,North-West District,127000,3,2021,150831,-0.158001,-0.934815
1,2021-04-01,North-West District,148325,4,2021,144142,0.0290217,0.0210136
1,2021-05-01,North-West District,85004.1,5,2021,101509,-0.162592,-0.958278
1,2021-06-01,North-West District,77828.6,6,2021,90170,-0.136869,-0.826812
1,2021-07-01,North-West District,76421.9,7,2021,99064.1,-0.228561,-1.29543
1,2021-08-01,North-West District,143434,8,2021,131590,0.0900064,0.332692
1,2021-09-01,North-West District,151017,9,2021,159740,-0.0546074,-0.406395
1,2021-10-01,North-West District,157564,10,2021,204635,-0.230025,-1.30291
1,2021-11-01,North-West District,156022,11,2021,179328,-0.129964,-0.791521
0.99964,2021-12-01,North-West District,132104,12,2021,136524,-0.032375,-0.29277
0.941263,2022-01-01,North-West District,135353,1,2022,131655,0.0280916,0.0162602
1,2022-02-01,North-West District,180427,2,2022,156534,0.15264,0.652794
0.999998,2022-03-01,North-West District,158795,3,2022,140233,0.132366,0.54918
1,2022-04-01,North-West District,133400,4,2022,149117,-0.105405,-0.666008
1,2022-05-01,North-West District,108296,5,2022,93744.7,0.155221,0.665986
1,2022-06-01,North-West District,92491.1,6,2022,85282.5,0.0845266,0.304686
1,2022-08-01,North-West District,94604.4,8,2022,147866,-0.360203,-1.96822
1,2022-09-01,North-West District,166822,9,2022,154471,0.0799574,0.281334
1,2022-10-01,North-West District,147290,10,2022,208060,-0.292082,-1.62007
1,2022-11-01,North-West District,145686,11,2022,182773,-0.202911,-1.16434
1,2022-12-01,North-West District,116408,12,2022,141756,-0.178813,-1.04118
0.964233,2023-01-01,North-West District,118265,1,2023,137351,-0.138958,-0.837492
1,2023-02-01,North-West District,164176,2,2023,164659,-0.00293146,-0.142291
1,2023-03-01,North-West District,136435,3,2023,147686,-0.0761834,-0.516664
1,2023-04-01,North-West District,143412,4,2023,145780,-0.0162447,-0.210332
1,2023-05-01,North-West District,120669,5,2023,89620.1,0.346454,1.64333
1,2023-06-01,North-West District,88496.1,6,2023,86614.1,0.0217285,-0.0162602
1,2023-07-01,North-West District,98171.3,7,2023,88189.4,0.113187,0.451164
1,2023-08-01,North-West District,149940,8,2023,129421,0.158544,0.682973
1,2023-09-01,North-West District,182181,9,2023,149352,0.219813,0.996102
1,2023-10-01,North-West District,264606,10,2023,168955,0.566138,2.76608
1,2023-11-01,North-West District,210967,11,2023,161013,0.310251,1.45831
0.97072,2023-12-01,North-West District,128019,12,2023,137886,-0.0715589,-0.493029
0.99764,2024-01-01,North-West District,163805,1,2024,122170,0.340791,1.61439
1,2024-02-01,North-West District,148891,2,2024,172302,-0.13587,-0.821705
1,2024-03-01,North-West District,157264,3,2024,140743,0.117382,0.472602
1,2024-04-01,North-West District,155615,4,2024,141712,0.0981045,0.374079
1,2024-05-01,North-West District,75560.6,5,2024,104656,-0.278013,-1.54817
1,2024-06-04,North-West District,89522.7,6,2024,86271.9,0.037681,0.0652692
1,2024-07-01,North-West District,99956.9,7,2024,87296.6,0.145026,0.613885
1,2024-08-01,North-West District,150225,8,2024,129326,0.161599,0.698585
1,2024-09-01,North-West District,130216,9,2024,166673,-0.218737,-1.24522
1,2024-10-01,North-West District,202010,10,2024,189820,0.0642203,0.200905
1,2024-11-01,North-West District,181330,11,2024,170892,0.0610817,0.184865
1,2024-12-01,North-West District,165145,12,2024,125510,0.315789,1.48661
1,2021-01-01,South-East District,16298.4,1,2021,19412.2,-0.160403,-0.79242
1,2021-02-01,South-East District,14856,2,2021,18042.6,-0.176616,-0.881184
1,2021-03-01,South-East District,16927.3,3,2021,20130.6,-0.159125,-0.785422
1,2021-04-01,South-East District,17535.5,4,2021,19755.1,-0.112355,-0.529374
1,2021-05-01,South-East District,18556.2,5,2021,21824.4,-0.149752,-0.734113
1,2021-06-01,South-East District,18017.5,6,2021,22276.6,-0.191194,-0.960994
1,2021-07-01,South-East District,19961.5,7,2021,22697.5,-0.12054,-0.574181
1,2021-08-01,South-East District,20503,8,2021,22044.5,-0.0699284,-0.297099
1,2021-09-01,South-East District,19412.8,9,2021,23010.6,-0.156355,-0.770259
1,2021-10-01,South-East District,19176.2,10,2021,22122.4,-0.133176,-0.643363
1,2021-11-01,South-East District,18019.6,11,2021,20943.1,-0.13959,-0.678476
1,2021-12-01,South-East District,17865.7,12,2021,21099.1,-0.153246,-0.753241
1,2022-01-01,South-East District,16456.2,1,2022,19359.6,-0.149973,-0.735318
1,2022-02-01,South-East District,16770.6,2,2022,17404.4,-0.0364156,-0.113627
1,2022-03-01,South-East District,18197.9,3,2022,19707.1,-0.0765772,-0.333499
1,2022-04-01,South-East District,15412.1,4,2022,20462.9,-0.246826,-1.26556
1,2022-05-01,South-East District,19757.2,5,2022,21424.1,-0.077804,-0.340216
1,2022-06-01,South-East District,19462.6,6,2022,21794.9,-0.107011,-0.500118
0.998451,2022-07-01,South-East District,20552.1,7,2022,22500.6,-0.0865984,-0.388363
1,2022-08-01,South-East District,19386.4,8,2022,22416.7,-0.135179,-0.65433
1,2022-09-01,South-East District,22582.5,9,2022,21954,0.0286271,0.242463
1,2022-10-01,South-East District,19963.3,10,2022,21860,-0.086765,-0.389275
1,2022-11-01,South-East District,18682.8,11,2022,20722,-0.0984083,-0.453019
1,2022-12-01,South-East District,19593.8,12,2022,20523,-0.0452749,-0.162129
1,2023-01-01,South-East District,20295,1,2023,18080,0.122513,0.756461
1,2023-02-01,South-East District,18546.2,2,2023,16812.5,0.103118,0.650277
1,2023-03-01,South-East District,20633.3,3,2023,18895.3,0.0919801,0.589303
1,2023-04-01,South-East District,20672.3,4,2023,18709.5,0.104906,0.660069
1,2023-05-01,South-East District,22124.9,5,2023,20634.9,0.0722078,0.481055
1,2023-06-01,South-East District,22959.4,6,2023,20629.3,0.112949,0.704101
1,2023-07-01,South-East District,23809.2,7,2023,21414.9,0.111805,0.697841
1,2023-08-01,South-East District,22978.4,8,2023,21219.4,0.0828981,0.539582
1,2023-09-01,South-East District,21909.5,9,2023,22178.3,-0.0121214,0.0193774
1,2023-10-01,South-East District,21076.4,10,2023,21489,-0.0192003,-0.0193774
1,2023-11-01,South-East District,20256.4,11,2023,20197.5,0.0029161,0.101703
1,2023-12-01,South-East District,22225.8,12,2023,19645.7,0.131329,0.804728
1,2024-01-01,South-East District,21485.3,1,2024,17683.2,0.215015,1.26288
1,2024-02-01,South-East District,18811,2,2024,16724.2,0.124773,0.768835
1,2024-03-01,South-East District,21560.6,3,2024,18586.2,0.160032,0.96187
1,2024-04-01,South-East District,23180.9,4,2024,17873.3,0.296959,1.7115
1,2024-05-01,South-East District,23591.2,5,2024,20146.1,0.171008,1.02196
1,2024-06-04,South-East District,24407.9,6,2024,20146.5,0.211521,1.24375
1,2024-07-01,South-East District,23731.1,7,2024,21441,0.106812,0.670505
1,2024-08-01,South-East District,23768.7,8,2024,20955.9,0.134223,0.82057
1,2024-09-01,South-East District,24539.8,9,2024,21301.6,0.152015,0.917978
1,2024-10-01,South-East District,25327.4,10,2024,20071.9,0.261831,1.51918
1,2024-11-01,South-East District,23890.1,11,2024,18986.3,0.25828,1.49974
1,2024-12-01,South-East District,21477.6,12,2024,19895.1,0.079541,0.521202
1,2021-01-01,Southern District,31628.4,1,2021,43213.7,-0.268093,-0.639299
1,2021-02-01,Southern District,30805.7,2,2021,42711.2,-0.278744,-0.673513
1,2021-03-01,Southern District,36765.4,3,2021,47383.4,-0.224087,-0.497946
1,2021-04-01,Southern District,46344.8,4,2021,54440.9,-0.148714,-0.255833
1,2021-05-01,Southern District,30238,5,2021,44775.7,-0.324677,-0.821059
1,2021-06-01,Southern District,27840.5,6,2021,34606,-0.195501,-0.40612
1,2021-07-01,Southern District,25486.2,7,2021,57886.3,-0.55972,-1.57606
1,2021-08-01,Southern District,37398.7,8,2021,54578.8,-0.314777,-0.789259
1,2021-09-01,Southern District,31723.8,9,2021,50492.4,-0.37171,-0.972137
1,2021-10-01,Southern District,37614,10,2021,52194.8,-0.279353,-0.675469
1,2021-11-01,Southern District,41692.3,11,2021,45900.6,-0.0916846,-0.0726432
1,2021-12-01,Southern District,33274.7,12,2021,41748.4,-0.202969,-0.430111
1,2022-01-01,Southern District,35266.6,1,2022,42001,-0.16034,-0.293176
1,2022-02-01,Southern District,44132.9,2,2022,38268.8,0.153233,0.71408
1,2022-03-01,Southern District,45151.2,3,2022,44588.2,0.0126267,0.262424
1,2022-04-01,Southern District,39571.7,4,2022,56698.6,-0.30207,-0.74844
1,2022-05-01,Southern District,35449.9,5,2022,43038.4,-0.17632,-0.344507
1,2022-06-01,Southern District,33296.5,6,2022,32787.3,0.0155285,0.271745
1,2022-07-01,Southern District,7644.7,7,2022,63833.5,-0.88024,-2.60563
1,2022-08-01,Southern District,31948.4,8,2022,56395.6,-0.433495,-1.1706
1,2022-09-01,Southern District,51848.3,9,2022,43784.2,0.184177,0.813476
1,2022-10-01,Southern District,41215.2,10,2022,50994.4,-0.191769,-0.394132
1,2022-11-01,Southern District,34910.6,11,2022,48161.2,-0.27513,-0.661904
1,2022-12-01,Southern District,37897.7,12,2022,40207.4,-0.0574442,0.0373434
1,2023-01-01,Southern District,50569.8,1,2023,36899.9,0.370459,1.41185
1,2023-02-01,Southern District,45803,2,2023,37712.1,0.214543,0.911018
1,2023-03-01,Southern District,41472,3,2023,45814.6,-0.0947852,-0.0826028
1,2023-04-01,Southern District,74773.9,4,2023,44964.6,0.662953,2.35139
1,2023-05-01,Southern District,69157.8,5,2023,31802.4,1.17461,3.99493
1,2023-06-01,Southern District,37383.4,6,2023,31425,0.189604,0.83091
1,2023-07-01,Southern District,126880,7,2023,24088.3,4.26731,13.9293
1,2023-08-01,Southern District,84610.2,8,2023,38841.6,1.17834,4.00691
1,2023-09-01,Southern District,51698.8,9,2023,43834,0.179422,0.798203
1,2023-10-01,Southern District,57359.6,10,2023,45612.9,0.257531,1.0491
1,2023-11-01,Southern District,54107.2,11,2023,41762.3,0.295599,1.17138
1,2023-12-01,Southern District,46420.9,12,2023,37366.3,0.242322,1.00025
1,2024-01-01,Southern District,43804.7,1,2024,39154.9,0.118754,0.603325
1,2024-02-01,Southern District,38197.8,2,2024,40247.2,-0.0509216,0.0582954
1,2024-03-01,Southern District,55527.1,3,2024,41129.5,0.350054,1.34631
1,2024-04-01,Southern District,48977.2,4,2024,53563.5,-0.0856235,-0.0531738
1,2024-05-01,Southern District,29719.3,5,2024,44948.6,-0.338814,-0.866471
1,2024-06-04,Southern District,33138.2,6,2024,32840.1,0.00907529,0.251017
1,2024-07-01,Southern District,39133.9,7,2024,53337.1,-0.266291,-0.633512
1,2024-08-01,Southern District,47177.9,8,2024,51319.1,-0.0806953,-0.0373434
1,2024-09-01,Southern District,47930,9,2024,45090.3,0.0629777,0.424161
1,2024-10-01,Southern District,58009.4,10,2024,45396.3,0.277845,1.11436
1,2024-11-01,Southern District,48684.1,11,2024,43570,0.117376,0.5989
1,2024-12-01,Southern District,40926.4,12,2024,39197.8,0.0441009,0.363526
