shapeID,name,area_km2,n_pixels,sol,rad_km2,sol_per_km2,mean_rad,median_rad,p90_rad,max_rad,lit_area_km2,lit_share,core_area_km2,core_share,pop,pop_inhabited,pop_lit,pop_dark,pop_lit_share,pop_density,sol_per_capita,gini_pixels,gini_pop_light,cv_rad,sol_share_nat,pop_share_nat,light_pop_ratio
57670837B20379019036464,South-East District,1758.02,1952,5431,4900.94,3.08927,2.78228,0,7.58991,44.0831,761.822,0.43334,151.639,0.0862555,367873,367872,311184,56687.7,0.845904,209.254,0.0147632,0.853298,0.610136,2.5544,0.252093,0.153239,1.6451
57670837B30841156556030,Kgatleng District,7604.78,8391,1294.03,1170.23,0.170161,0.154217,0,0,12.9582,570.762,0.075053,7.23133,0.000950892,121063,121063,81001.1,40061.5,0.669084,15.9194,0.0106889,0.961787,0.589825,5.20793,0.0600657,0.0504294,1.19108
57670837B74109899498700,North-East District,5309.24,5726,2122.13,1966.98,0.399706,0.370614,0,0.713469,34.3443,934.214,0.17596,46.3083,0.00872221,183759,183753,150602,33151.3,0.819588,34.6111,0.0115485,0.926417,0.559739,4.7262,0.0985039,0.0765454,1.28687
57670837B77729612727439,Central District,146401,158482,5362.55,4940.22,0.0366293,0.033837,0,0,38.4177,2869.55,0.0196007,52.4824,0.000358484,720896,702462,246967,455495,0.351574,4.92413,0.00743873,0.989722,0.838666,12.2841,0.248916,0.300292,0.828912
57670837B99453960122440,Ghanzi District,114647,124757,505.832,466.987,0.00441209,0.00405454,0,0,30.0444,263.686,0.00229999,9.24607,8.06483e-05,56165.8,25351.5,3722.65,21628.8,0.146842,0.489903,0.00900605,0.998926,0.970118,44.0401,0.0234794,0.0233961,1.00356
57670837B49806718353307,Kweneng District,36955.1,40684,2917.4,2637,0.0789443,0.0717087,0,0,36.1373,1116.21,0.0302043,40.6446,0.00109984,430711,420832,214378,206455,0.509414,11.655,0.00677345,0.987095,0.753014,10.2477,0.135418,0.179414,0.754778
57670837B18017563073821,Southern District,27347.2,30360,1802.37,1623.91,0.0659068,0.0593665,0,0,44.0831,988.974,0.0361636,15.3591,0.000561633,249434,242916,98229.4,144686,0.404376,9.121,0.00722583,0.981187,0.772829,11.2934,0.0836612,0.103903,0.805188
57670837B51384475500083,Kgalagadi District,104692,116176,421.581,378.73,0.00402686,0.00362881,0,0,15.9822,256.003,0.00244529,1.78526,1.70524e-05,59076.4,24648,5647.59,19000.4,0.229129,0.564286,0.00713619,0.998547,0.951954,31.1213,0.0195687,0.0246085,0.795199
57670837B3917923701881,North-West District,111298,118960,1355.43,1266,0.0121784,0.011394,0,0,28.6226,620.826,0.00557805,16.7828,0.000150792,182962,136183,32825.3,103358,0.241038,1.64389,0.00740824,0.997264,0.910125,24.5322,0.0629153,0.0762135,0.825514
57670837B89802666826813,Chobe District,20960.9,22254,331.329,313.058,0.015807,0.0148885,0,0,14.1056,201.151,0.0095965,1.89147,9.02377e-05,28709.7,18052.3,6928.7,11123.6,0.383813,1.36968,0.0115407,0.994978,0.879468,16.458,0.0153794,0.0119591,1.286
