shapeID,name,area_km2,n_pixels,sol,rad_km2,sol_per_km2,mean_rad,median_rad,p90_rad,max_rad,lit_area_km2,lit_share,core_area_km2,core_share,pop,pop_inhabited,pop_lit,pop_dark,pop_lit_share,pop_density,sol_per_capita,gini_pixels,gini_pop_light,cv_rad,sol_share_nat,pop_share_nat,light_pop_ratio,parent
55941954B50535260459809,Bobonong,14000.5,15200,969.55,893.032,0.0692512,0.0637862,0,0,19.5538,482.634,0.0344727,13.8174,0.000986921,125660,125341,67201.9,58138.7,0.536154,8.97538,0.00771568,0.983002,0.725912,9.1039,0.0447853,0.0522555,0.857044,Central District
55941954B28903282369970,Machaneng,5337.35,5843,314.106,287.078,0.0588505,0.0537577,0,0,10.2826,226.696,0.0424736,0.913665,0.000171183,50270.9,50270.9,15886.8,34384.1,0.316023,9.41869,0.00624827,0.974841,0.840116,7.52611,0.0145091,0.0209051,0.694047,Central District
55941954B98371115502172,Gaborone,1332.08,1477,6051.76,5463.05,4.54308,4.09733,0.651003,14.4941,63.8136,761.584,0.571725,174.243,0.130805,283361,283360,265192,18168,0.935884,212.721,0.021357,0.796578,0.520048,2.08111,0.279542,0.117836,2.3723,South-East District
55941954B49792364057910,Lethlakane,28756.3,31077,1012.94,937.295,0.0352251,0.0325946,0,0,38.4177,432.362,0.0150354,17.5725,0.000611081,76945.1,67691.8,22276,45415.8,0.32908,2.67576,0.0131645,0.993523,0.866904,16.5433,0.0467897,0.0319976,1.46229,Central District
55941954B87089695796057,Mahalapye,11420.7,12515,479.783,438.195,0.0420099,0.0383366,0,0,19.9897,255.652,0.022385,5.4818,0.000479988,77375.2,77375.2,22551.6,54823.6,0.291458,6.77499,0.00620074,0.987972,0.852776,11.0116,0.0221621,0.0321765,0.688766,Central District
55941954B44678367556360,Palapye,7556.43,8237,918.55,842.513,0.121559,0.111515,0,0,16.6845,459.454,0.060803,8.25645,0.00109264,82535.8,82535.1,34640.6,47894.5,0.419707,10.9226,0.0111291,0.969838,0.794806,6.63224,0.0424295,0.0343225,1.2362,Central District
55941954B89738474745599,South East,690.111,768,404.661,363.665,0.586371,0.526903,0,0.944608,17.3829,159.046,0.230464,6.29076,0.00911557,142295,142295,98964.1,43331.1,0.695484,206.192,0.00284382,0.895922,0.648988,3.40029,0.0186921,0.0591734,0.315886,South-East District
55941954B86221332842775,Serowe,30785.9,33440,811.075,746.641,0.0263457,0.0242546,0,0,17.8399,384.929,0.0125035,5.51041,0.000178992,126557,119016,39843.9,79172.5,0.334776,4.11088,0.00640877,0.993141,0.817298,13.2887,0.037465,0.0526287,0.711875,Central District
55941954B82526344478572,Barolong,1103.71,1232,204.385,183.201,0.18518,0.165897,0,0.55648,6.88683,179.255,0.162411,0,0,62078.3,62078.3,32318,29760.3,0.520601,56.2452,0.00329237,0.878127,0.671565,2.91018,0.0094409,0.0258153,0.36571,Southern District
55941954B92705944270684,Tuli,4662.82,5092,87.0432,79.6585,0.0186675,0.0170941,0,0,9.10683,62.2422,0.0133486,0,0,360.035,284.23,9.59756,274.633,0.0337668,0.0772141,0.241763,0.987328,0.966027,12.6132,0.00402069,0.000149721,26.8546,Central District
55941954B61152089533455,Tutume,43945.8,47149,723.936,673.389,0.0164734,0.0153542,0,0,11.3451,542.312,0.0123405,0.930215,2.11673e-05,177282,175976,40930,135046,0.232589,4.03412,0.00408352,0.991734,0.863885,12.2442,0.03344,0.0737228,0.45359,Central District
55941954B82416766201839,Ghanzi,114213,124280,505.832,466.987,0.00442885,0.0040701,0,0,30.0444,263.686,0.00230872,9.24607,8.09546e-05,55945.4,25300.2,3722.65,21577.6,0.147139,0.489834,0.00904154,0.998922,0.97,43.9557,0.0233653,0.0232649,1.00432,Ghanzi District
55941954B31216508800768,Gemsbok,25992.7,28921,1.19968,1.06675,4.61544e-05,4.14812e-05,0,0,1.03423,0.889186,3.4209e-05,0,0,82.4829,5.52123,5.52123,0,1,0.00317331,0.0145446,0.999956,0.933029,148.47,5.54153e-05,3.43005e-05,1.61558,Kgalagadi District
55941954B76527564067138,Hukunsti,45924.3,50613,155.473,141.307,0.00338542,0.00307181,0,0,6.14716,97.2222,0.00211701,0,0,25421.9,8283.09,1733.44,6549.65,0.209275,0.553559,0.00611573,0.998555,0.959424,27.8543,0.0071816,0.0105717,0.679324,Kgalagadi District
55941954B45615354641166,Tshabong,33057,36952,262.905,234.551,0.00795308,0.00711478,0,0,15.9822,156.992,0.00474913,1.78526,5.40054e-05,33852.3,16555.1,3912.27,12642.8,0.236319,1.02406,0.00776626,0.997401,0.943421,24.2897,0.0121441,0.0140775,0.862662,Kgalagadi District
55941954B56458887922680,Kgatleng,7805.46,8612,1223.2,1106.33,0.15671,0.142034,0,0,12.9582,560.859,0.0718546,4.52194,0.000579331,113155,113155,71388.9,41766.1,0.630895,14.4969,0.0108099,0.963175,0.612269,5.30603,0.0565017,0.0470556,1.20074,Kgatleng District
55941954B20262478145890,Ngwaketse Central,4884.28,5427,121.758,109.523,0.0249285,0.0224355,0,0,3.60632,107.963,0.0221042,0,0,22603.3,21287.9,3660.29,17627.7,0.171942,4.62776,0.00538672,0.983029,0.890224,7.70681,0.00562421,0.00939957,0.598347,Southern District
55941954B84762067272179,Kweneng North,9781.42,10762,871.562,788.461,0.0891038,0.0809852,0,0,21.5319,387.509,0.0396169,8.13054,0.000831222,330140,330140,147797,182344,0.447679,33.7518,0.00263997,0.98092,0.759944,8.06894,0.0402591,0.137289,0.293243,Kweneng District
55941954B78250687153975,Ngamiland West,58751.4,62753,289.57,271.812,0.00492872,0.00461443,0,0,6.98153,248.723,0.00423347,0,0,69734.1,42202.8,6775.33,35427.5,0.160542,1.18693,0.00415248,0.996512,0.939438,19.3549,0.0133757,0.0289989,0.46125,North-West District
55941954B98579419812372,Kweneng South,27080.7,29818,1214.53,1097.87,0.0448485,0.0407315,0,0,14.8369,620.333,0.0229068,6.32889,0.000233704,59167.8,49227.8,27490.9,21736.9,0.558442,2.18487,0.0205269,0.988761,0.73707,10.3294,0.0561014,0.0246049,2.28009,Kweneng District
55941954B39393851070434,Masungu,5338.86,5758,2177.97,2018.72,0.407947,0.378252,0,0.73204,34.3443,960.166,0.179845,46.3083,0.00867381,187624,187622,154236,33386,0.822057,35.1431,0.0116082,0.923968,0.562686,4.63259,0.100605,0.0780235,1.28942,North-East District
55941954B34591946516146,Chobe,20913,22203,326.153,308.171,0.0155957,0.0146896,0,0,14.1056,198.319,0.00948307,1.89147,9.04447e-05,28705.6,18055.2,6889.84,11165.3,0.381599,1.37262,0.011362,0.995041,0.879454,16.3876,0.0150656,0.0119372,1.26207,Chobe District
55941954B40687665076650,Ngamiland East,52524.1,56182,1060.48,989.173,0.0201904,0.0188759,0,0,28.6226,367.441,0.00699566,16.7828,0.000319525,112487,93202.5,25705,67497.5,0.275798,2.14162,0.00942763,0.996936,0.874937,20.9444,0.0489857,0.0467776,1.0472,North-West District
55941954B26927140411587,Ngwaketse North,14619.9,16187,1306.13,1178.66,0.089339,0.08069,0,0,49.8375,518.702,0.0354792,15.3591,0.00105056,114350,109499,53445.5,56053.1,0.488093,7.82155,0.0114222,0.984108,0.705995,11.5195,0.0603325,0.0475526,1.26875,Southern District
55941954B49613130605683,Ngwaketse South,6705.14,7476,154.288,138.356,0.0230104,0.0206378,0,0,2.84901,159.633,0.0238076,0,0,46723.9,46367.7,6942.69,39425,0.149731,6.96837,0.00330212,0.980372,0.888767,7.00587,0.00712684,0.0194301,0.366794,Southern District
